iter	Logloss
0	0.5207660675
1	0.3865896497
2	0.2754334586
3	0.2101769175
4	0.1762936592
5	0.1539953504
6	0.1370392118
7	0.1222867693
8	0.1054879325
9	0.09617665155
