iter	Logloss
0	0.2612189702
1	0.1593409402
2	0.09524205072
3	0.05964136124
4	0.04948452541
5	0.03783478396
6	0.02938848904
7	0.02429834604
8	0.02178161315
9	0.01731477465
