iter	Logloss
0	0.2605584553
1	0.1454029901
2	0.08298209735
3	0.05484215191
4	0.03945958955
5	0.03252887726
6	0.02319409847
7	0.01889112507
8	0.01601952314
9	0.01353902817
